frame,track_id,class_id,class_name,confidence,x1,y1,x2,y2
0,1,2,Swimming,0.4892754554748535,752.8287353515625,378.41064453125,866.7994384765625,502.03643798828125
0,2,2,Swimming,0.3289622366428375,767.800048828125,397.72406005859375,857.5897216796875,501.42950439453125
0,3,2,Swimming,0.3144310414791107,547.676025390625,263.60931396484375,665.463623046875,336.11785888671875
1,1,2,Swimming,0.505388081073761,753.1326904296875,374.26373291015625,873.0238647460938,504.5518798828125
1,3,2,Swimming,0.302018940448761,550.2227172851562,263.7249450683594,664.5308227539062,334.0356750488281
2,1,2,Swimming,0.4866614043712616,752.7216186523438,373.401611328125,873.8342895507812,505.3348388671875
2,3,2,Swimming,0.3015269935131073,550.111572265625,263.44659423828125,664.8828125,333.96343994140625
2,4,2,Swimming,0.47165507078170776,892.2555541992188,150.22116088867188,1014.9680786132812,263.135986328125
3,3,2,Swimming,0.4236885607242584,546.4315185546875,261.64984130859375,668.664306640625,336.70550537109375
3,4,2,Swimming,0.3522462546825409,889.477783203125,144.9978485107422,1017.6156616210938,263.0299072265625
4,3,2,Swimming,0.5530259609222412,548.9219360351562,259.8807067871094,669.3711547851562,333.8056640625
4,4,2,Swimming,0.5472391247749329,885.4353637695312,139.6968536376953,1020.6024169921875,264.3923034667969
4,1,2,Swimming,0.48955458402633667,754.6727905273438,377.0419616699219,870.0494995117188,502.5848693847656
5,3,2,Swimming,0.47721895575523376,550.8034057617188,258.9186706542969,673.8070678710938,334.7574462890625
5,4,2,Swimming,0.4788292646408081,883.8108520507812,138.73629760742188,1018.2906494140625,262.9942626953125
5,1,2,Swimming,0.6181973814964294,759.786865234375,379.1228332519531,874.0984497070312,503.689697265625
6,3,2,Swimming,0.6069890260696411,549.7479248046875,258.49945068359375,677.0135498046875,337.4671325683594
6,4,2,Swimming,0.5035987496376038,886.4735107421875,141.93106079101562,1016.3290405273438,262.1396484375
6,1,2,Swimming,0.679286539554596,769.3672485351562,384.7185974121094,872.0874633789062,497.017333984375
7,3,2,Swimming,0.4609440267086029,553.8923950195312,258.2802734375,674.8102416992188,333.4320983886719
7,4,2,Swimming,0.6152481436729431,889.072021484375,142.02618408203125,1020.2891845703125,263.6630554199219
7,1,2,Swimming,0.7108666896820068,775.850830078125,383.93304443359375,873.3629760742188,491.06207275390625
8,3,2,Swimming,0.42334431409835815,556.949951171875,259.7535400390625,673.3336791992188,331.7514953613281
8,4,2,Swimming,0.5559520721435547,889.6202392578125,143.35499572753906,1018.5188598632812,263.482177734375
8,1,2,Swimming,0.7555677890777588,779.761962890625,388.05859375,871.2601928710938,488.2410888671875
8,6,2,Swimming,0.5725060701370239,289.5690002441406,338.15997314453125,436.7058410644531,480.0158386230469
9,3,2,Swimming,0.38553085923194885,557.5388793945312,260.5468444824219,675.8230590820312,333.79107666015625
9,4,2,Swimming,0.7147220969200134,890.6471557617188,143.19772338867188,1018.5979614257812,262.8165588378906
9,1,2,Swimming,0.7048913836479187,777.35595703125,389.3710632324219,870.1554565429688,489.1997375488281
9,6,2,Swimming,0.3929186761379242,290.994384765625,338.2016906738281,437.6871337890625,479.4292297363281
10,3,2,Swimming,0.35544097423553467,559.7699584960938,261.0699768066406,680.2676391601562,336.086669921875
10,4,2,Swimming,0.6035625338554382,893.141357421875,145.70477294921875,1015.0526123046875,260.3687744140625
10,1,2,Swimming,0.6374347805976868,774.8589477539062,387.3760070800781,873.6405029296875,492.9391174316406
10,6,2,Swimming,0.5251248478889465,292.907470703125,339.1264343261719,431.4866943359375,472.0724182128906
11,3,2,Swimming,0.4036414921283722,563.0670776367188,261.6999206542969,685.2811889648438,338.6143493652344
11,4,2,Swimming,0.5868281126022339,895.1090087890625,146.06834411621094,1014.08251953125,258.5714111328125
11,1,2,Swimming,0.5199631452560425,774.2376708984375,385.2449035644531,876.5424194335938,493.89935302734375
11,6,2,Swimming,0.6223095059394836,287.44671630859375,334.58868408203125,433.37884521484375,474.5786437988281
12,3,2,Swimming,0.5368428230285645,565.7874145507812,260.8595886230469,686.6256713867188,337.41259765625
12,4,2,Swimming,0.6280410885810852,894.6618041992188,145.288818359375,1013.6709594726562,258.3240051269531
12,1,2,Swimming,0.6278105974197388,772.2866821289062,376.8296203613281,880.876953125,491.798583984375
12,6,2,Swimming,0.4868449866771698,283.8708190917969,331.8382568359375,433.23455810546875,475.6059875488281
13,3,2,Swimming,0.49070224165916443,567.4483642578125,260.3911437988281,689.0043334960938,338.1528625488281
13,4,2,Swimming,0.5165125727653503,894.888916015625,144.1009521484375,1014.0507202148438,257.568115234375
13,1,2,Swimming,0.3427645266056061,771.1782836914062,371.9386291503906,881.703857421875,487.92303466796875
13,6,2,Swimming,0.49628645181655884,283.90283203125,327.160888671875,433.9705505371094,472.4521179199219
14,3,2,Swimming,0.3252914249897003,570.4440307617188,261.1189880371094,690.8428955078125,339.0569763183594
14,4,2,Swimming,0.5080026984214783,892.7215576171875,141.89328002929688,1014.701416015625,258.7527160644531
14,1,2,Swimming,0.33303043246269226,772.2149658203125,375.8612976074219,880.2587280273438,487.4762268066406
14,6,2,Swimming,0.45550963282585144,282.7084655761719,323.3802490234375,436.0672607421875,473.0718994140625
15,4,0,Drowning,0.3714216947555542,890.2437133789062,138.0881805419922,1016.5559692382812,259.84173583984375
15,1,0,Drowning,0.6145496964454651,766.7750854492188,375.18634033203125,881.3046875,492.4855041503906
15,6,2,Swimming,0.3829461932182312,282.5220947265625,323.08599853515625,437.7049560546875,475.4932556152344
16,1,0,Drowning,0.32143929600715637,766.7965087890625,378.845947265625,878.6453857421875,491.8975830078125
16,3,2,Swimming,0.3306635618209839,573.7256469726562,261.38885498046875,690.49462890625,337.8270263671875
17,3,2,Swimming,0.3211694657802582,575.4277954101562,261.3989562988281,691.298583984375,338.5565185546875
17,4,2,Swimming,0.47207343578338623,892.1921997070312,138.13169860839844,1018.136474609375,260.4977111816406
18,3,2,Swimming,0.4233524203300476,573.154541015625,261.5023498535156,692.4235229492188,342.54486083984375
18,4,2,Swimming,0.380761057138443,893.6550903320312,137.42974853515625,1018.775390625,259.5210876464844
19,3,2,Swimming,0.4395867586135864,574.6581420898438,262.8122863769531,690.8510131835938,343.1873474121094
19,4,2,Swimming,0.5989273190498352,895.80859375,138.2331085205078,1017.3394165039062,256.99041748046875
19,1,2,Swimming,0.5207756161689758,772.6658935546875,382.9031677246094,889.1656494140625,500.40301513671875
20,3,2,Swimming,0.49519866704940796,575.9143676757812,263.05780029296875,689.0552368164062,342.3933410644531
20,4,2,Swimming,0.6263507604598999,897.0894775390625,138.93214416503906,1017.7781372070312,257.24298095703125
20,1,2,Swimming,0.3468322455883026,774.2975463867188,383.0105285644531,891.4158935546875,501.15374755859375
21,3,2,Swimming,0.4232944846153259,578.1298828125,263.5848083496094,690.4973754882812,343.85760498046875
21,4,2,Swimming,0.5625965595245361,898.4721069335938,139.79263305664062,1015.2821655273438,254.86363220214844
21,12,2,Swimming,0.6020035743713379,374.08538818359375,525.104248046875,484.7819519042969,643.47802734375
21,6,2,Swimming,0.3139478266239166,291.1894836425781,303.0816955566406,448.5821228027344,457.7647705078125
22,4,2,Swimming,0.33153024315834045,905.9929809570312,152.74208068847656,1003.456298828125,247.92079162597656
22,12,2,Swimming,0.519324541091919,371.6552734375,524.3841552734375,481.7369079589844,642.0484619140625
23,4,2,Swimming,0.3387545347213745,908.5516967773438,154.48692321777344,1002.698974609375,246.512939453125
24,4,2,Swimming,0.32742881774902344,909.7710571289062,155.81405639648438,1002.2681274414062,246.34849548339844
24,12,2,Swimming,0.5364260673522949,368.7689514160156,518.3662719726562,474.4965515136719,630.277099609375
25,4,2,Swimming,0.41043153405189514,915.3223876953125,162.58323669433594,1001.6322021484375,246.76004028320312
25,12,2,Swimming,0.5476343035697937,359.9756164550781,509.71160888671875,473.1334533691406,628.5758056640625
25,6,0,Drowning,0.31038933992385864,295.2355041503906,283.48297119140625,452.26165771484375,436.4963073730469
26,4,2,Swimming,0.3406946361064911,913.7052612304688,161.0578155517578,1006.6126708984375,251.90573120117188
26,12,2,Swimming,0.7244749069213867,353.97149658203125,499.60260009765625,472.5720520019531,623.5609130859375
26,6,0,Drowning,0.346560001373291,296.6564025878906,280.16082763671875,448.8375549316406,427.7048034667969
27,4,2,Swimming,0.42804357409477234,913.6708984375,161.1611328125,1011.2876586914062,257.7472839355469
27,12,2,Swimming,0.6223345994949341,348.38671875,492.2708740234375,471.9081726074219,621.2731323242188
27,6,0,Drowning,0.529222846031189,297.05792236328125,275.4139404296875,445.99359130859375,418.1695556640625
27,3,2,Swimming,0.30974626541137695,584.9369506835938,263.3466796875,691.7845458984375,340.7667236328125
28,4,2,Swimming,0.5882778763771057,917.9632568359375,166.04995727539062,1011.9781494140625,259.5203857421875
28,12,2,Swimming,0.6120443940162659,345.3106994628906,485.0600891113281,473.28631591796875,618.3529663085938
28,6,0,Drowning,0.5744205713272095,298.0033874511719,270.1588134765625,442.8961181640625,406.4156188964844
28,3,2,Swimming,0.31638556718826294,586.28955078125,263.27972412109375,692.4814453125,341.0265808105469
28,1,2,Swimming,0.37285366654396057,778.46240234375,383.1402893066406,885.960693359375,496.974853515625
29,4,2,Swimming,0.326889306306839,922.0628051757812,167.1520538330078,1013.5216674804688,258.3890686035156
29,12,2,Swimming,0.5778627395629883,340.61590576171875,474.6995544433594,473.4816589355469,613.1828002929688
29,6,2,Swimming,0.42684146761894226,302.979736328125,264.9670104980469,443.4744567871094,396.2252502441406
29,3,2,Swimming,0.4047417938709259,588.0311889648438,261.90869140625,694.9624633789062,341.2835693359375
30,4,2,Swimming,0.40027207136154175,918.5264282226562,162.9847869873047,1022.2279663085938,267.13037109375
30,12,2,Swimming,0.6995609998703003,338.7086486816406,468.65576171875,472.82098388671875,608.8279418945312
30,3,2,Swimming,0.39635559916496277,589.8636474609375,261.1300048828125,695.657470703125,340.4779052734375
30,1,2,Swimming,0.5364192724227905,773.1836547851562,385.6575622558594,884.6405029296875,508.6421813964844
31,4,2,Swimming,0.5738095045089722,920.6922607421875,164.98574829101562,1020.6893310546875,266.0897521972656
31,12,2,Swimming,0.6549575328826904,333.9109802246094,463.4443054199219,468.9185791015625,605.5402221679688
31,1,2,Swimming,0.5568177103996277,773.2962036132812,386.0186767578125,879.7583618164062,505.84979248046875
32,4,2,Swimming,0.5152280926704407,921.1099243164062,168.49655151367188,1017.997802734375,267.08551025390625
32,12,2,Swimming,0.6727002263069153,330.2306213378906,456.4544982910156,467.9167175292969,603.128662109375
32,1,2,Swimming,0.6230633854866028,772.2880249023438,387.2310791015625,877.5921020507812,507.7093505859375
32,6,2,Swimming,0.3810150921344757,314.9543151855469,253.25787353515625,452.2063293457031,381.35699462890625
33,4,2,Swimming,0.5826497077941895,921.6387939453125,169.23388671875,1018.77734375,269.0469970703125
33,12,2,Swimming,0.6963946223258972,326.5831604003906,447.24627685546875,467.43463134765625,599.3060302734375
33,1,2,Swimming,0.6613321304321289,768.7105712890625,387.10614013671875,876.0040283203125,511.584228515625
33,6,2,Swimming,0.34675997495651245,320.0258483886719,254.2073516845703,449.5220031738281,375.25213623046875
34,4,2,Swimming,0.709848165512085,926.9780883789062,173.64892578125,1020.220947265625,269.73651123046875
34,12,2,Swimming,0.6237696409225464,324.4310607910156,440.3343505859375,466.59503173828125,596.02099609375
34,1,2,Swimming,0.6128596663475037,767.6437377929688,387.0433044433594,876.4434204101562,514.6487426757812
35,4,2,Swimming,0.6928055882453918,930.0564575195312,176.99742126464844,1022.1045532226562,272.2591552734375
35,12,2,Swimming,0.6000233888626099,322.031982421875,433.4269714355469,463.35748291015625,589.7350463867188
35,1,2,Swimming,0.5662288069725037,768.546630859375,385.36871337890625,873.620849609375,507.0008850097656
36,4,2,Swimming,0.6174056529998779,933.9326171875,181.4998016357422,1023.3677368164062,274.5362854003906
36,12,2,Swimming,0.35433128476142883,318.86590576171875,429.4671630859375,457.9593505859375,582.8908081054688
36,1,2,Swimming,0.6225840449333191,767.7723999023438,386.1076354980469,873.0316162109375,506.9966125488281
37,4,2,Swimming,0.6156196594238281,936.2543334960938,184.47628784179688,1025.5830078125,277.6631164550781
37,12,2,Swimming,0.31373730301856995,318.8424377441406,426.8778991699219,455.6194763183594,578.26708984375
37,1,2,Swimming,0.6778364777565002,767.022216796875,385.5502624511719,871.5535278320312,504.6546936035156
37,3,2,Swimming,0.359344482421875,591.9990234375,259.9615173339844,704.5933837890625,346.91033935546875
38,4,2,Swimming,0.5456420183181763,937.2664184570312,185.71627807617188,1026.0516357421875,279.1883544921875
38,1,2,Swimming,0.6371279358863831,766.5545043945312,385.8893127441406,870.71728515625,503.2608337402344
39,4,2,Swimming,0.5448659658432007,941.1358642578125,189.9154510498047,1026.9940185546875,280.53094482421875
39,1,2,Swimming,0.6394931674003601,763.396484375,386.62933349609375,869.757080078125,506.53680419921875
40,4,2,Swimming,0.6325976252555847,945.077880859375,194.65394592285156,1027.109375,280.9297790527344
40,1,2,Swimming,0.5868393182754517,761.8456420898438,388.49053955078125,867.15966796875,507.2434387207031
41,1,2,Swimming,0.5100733637809753,762.4783935546875,390.49041748046875,866.2750854492188,507.0679626464844
42,1,2,Swimming,0.5241276621818542,764.851806640625,392.53997802734375,864.732177734375,504.2094421386719
43,1,2,Swimming,0.46420398354530334,764.6006469726562,393.87554931640625,861.1823120117188,500.24774169921875
44,1,2,Swimming,0.38824227452278137,765.392578125,395.93798828125,858.8859252929688,496.1783142089844
49,1,2,Swimming,0.36849167943000793,767.552734375,391.17816162109375,868.1146850585938,499.24505615234375
50,1,2,Swimming,0.4998914301395416,761.1578979492188,393.6285400390625,861.359375,496.793701171875
50,12,2,Swimming,0.5578233003616333,303.9175109863281,390.5482177734375,433.062744140625,526.3355712890625
51,12,2,Swimming,0.3185441493988037,301.421630859375,388.88629150390625,435.43560791015625,525.482177734375
52,12,2,Swimming,0.37639129161834717,293.3826599121094,380.3684997558594,435.3360290527344,521.3480224609375
55,12,2,Swimming,0.5126633048057556,300.7475891113281,368.7681579589844,443.0644226074219,512.3981323242188
73,17,2,Swimming,0.38640296459198,370.7332458496094,353.9471435546875,459.2660827636719,490.55096435546875
75,17,2,Swimming,0.5538339614868164,383.2632141113281,344.4454345703125,469.3667907714844,476.346923828125
76,17,2,Swimming,0.6143389344215393,387.4765319824219,343.33837890625,471.5089416503906,470.07647705078125
77,17,2,Swimming,0.5777441263198853,391.17645263671875,344.4649658203125,476.22015380859375,470.1555480957031
78,17,2,Swimming,0.6267217397689819,395.4783020019531,345.9460144042969,475.51043701171875,461.4357604980469
79,17,2,Swimming,0.48998522758483887,398.5009765625,346.8726806640625,473.8692932128906,452.65338134765625
80,17,2,Swimming,0.5432695746421814,398.1959228515625,349.4801025390625,470.92169189453125,448.8888854980469
89,24,2,Swimming,0.3608027398586273,358.3967590332031,300.1650695800781,495.1858215332031,433.92279052734375
90,24,2,Swimming,0.6771970391273499,355.2312927246094,302.86773681640625,491.8760070800781,436.4905090332031
91,24,2,Swimming,0.4671628475189209,351.0646057128906,306.525634765625,487.7170715332031,440.3286437988281
92,24,2,Swimming,0.635046660900116,348.74981689453125,307.66571044921875,486.95068359375,443.0814208984375
93,24,2,Swimming,0.4450976252555847,347.2804260253906,307.33306884765625,486.37457275390625,444.0115661621094
94,24,2,Swimming,0.38897281885147095,343.3846130371094,308.6651611328125,483.083984375,446.11004638671875
98,26,2,Swimming,0.46405649185180664,467.70977783203125,128.74606323242188,622.58642578125,259.90924072265625
99,26,2,Swimming,0.7161626219749451,470.6155700683594,128.16993713378906,625.6824340820312,259.6988525390625
99,24,2,Swimming,0.37136223912239075,335.6645812988281,312.828857421875,468.0370788574219,443.44012451171875
100,26,2,Swimming,0.7114433646202087,468.8330993652344,120.37014770507812,629.5426635742188,257.361328125
100,24,2,Swimming,0.3931257426738739,339.5741271972656,314.9815673828125,461.4325866699219,435.8705139160156
101,26,2,Swimming,0.7202643156051636,465.9260559082031,114.19353485107422,634.3038330078125,258.7606201171875
101,24,2,Swimming,0.4748237133026123,336.7028503417969,319.741455078125,460.4875183105469,442.4345397949219
102,26,2,Swimming,0.5011577606201172,465.18572998046875,109.6973648071289,636.8656005859375,258.4983825683594
103,24,2,Swimming,0.5013450384140015,331.4916687011719,309.53472900390625,460.8683166503906,440.60931396484375
104,24,2,Swimming,0.4088163375854492,330.5492858886719,305.3855285644531,460.8119201660156,440.20001220703125
105,24,2,Swimming,0.3765178918838501,334.6144104003906,307.6421813964844,459.7012634277344,439.63055419921875
107,24,2,Swimming,0.30324456095695496,323.96051025390625,299.5936584472656,455.16217041015625,439.3792724609375
108,24,2,Swimming,0.4070334732532501,326.003173828125,296.555908203125,455.42510986328125,437.17657470703125
109,24,2,Swimming,0.3297223150730133,326.4450378417969,292.5166931152344,456.408203125,435.64886474609375
110,24,0,Drowning,0.4426819086074829,326.8795166015625,290.0933837890625,454.23095703125,433.0013427734375
122,30,0,Drowning,0.48751282691955566,321.51104736328125,122.3773422241211,769.9336547851562,534.9057006835938
124,31,2,Swimming,0.4168585538864136,415.5338134765625,105.74625396728516,584.7022705078125,231.9450225830078
124,24,0,Drowning,0.6151926517486572,281.21710205078125,287.13507080078125,422.88671875,445.7786865234375
125,31,2,Swimming,0.39487847685813904,401.6428527832031,106.03974914550781,584.6170043945312,242.4493865966797
125,24,0,Drowning,0.6620896458625793,278.9203796386719,285.14276123046875,424.0347595214844,446.3708190917969
126,24,0,Drowning,0.6073728799819946,273.0126647949219,282.3750305175781,422.0193786621094,446.4884948730469
127,31,2,Swimming,0.35047468543052673,395.00836181640625,97.12245178222656,582.87646484375,236.80712890625
128,24,2,Swimming,0.37495338916778564,259.5875549316406,268.6438903808594,413.0643615722656,436.7741394042969
130,31,2,Swimming,0.6008504629135132,367.91571044921875,69.82508850097656,587.5690307617188,233.1376190185547
130,24,2,Swimming,0.6843924522399902,253.03567504882812,245.6061553955078,400.22161865234375,409.654052734375
131,31,2,Swimming,0.35270044207572937,372.0225524902344,66.12413024902344,590.14404296875,227.9928741455078
131,24,2,Swimming,0.45827221870422363,246.6737823486328,230.72564697265625,395.4363098144531,401.121826171875
132,31,2,Swimming,0.36335816979408264,365.0373840332031,61.90027618408203,592.3662109375,229.95079040527344
133,24,2,Swimming,0.44277024269104004,238.2110137939453,204.2281951904297,400.8516540527344,395.2887878417969
134,24,2,Swimming,0.5087814927101135,231.1620635986328,190.6442108154297,403.68499755859375,398.50445556640625
135,31,2,Swimming,0.4326583743095398,382.75299072265625,71.23866271972656,567.6134033203125,206.4621124267578
136,24,2,Swimming,0.32979294657707214,220.2766571044922,180.55960083007812,396.3844909667969,398.3768615722656
137,24,2,Swimming,0.32450687885284424,219.1258544921875,184.6729736328125,388.5671691894531,396.57891845703125
138,38,0,Drowning,0.40327146649360657,843.5789794921875,273.2964172363281,969.8658447265625,417.28265380859375
138,39,0,Drowning,0.3801495432853699,861.8873901367188,297.5563659667969,957.8766479492188,406.5910949707031
138,30,0,Drowning,0.3668116331100464,256.89599609375,84.45342254638672,772.1038818359375,579.7794189453125
139,38,0,Drowning,0.30032989382743835,838.4774169921875,269.4647216796875,968.69873046875,418.11260986328125
147,31,2,Swimming,0.5000593662261963,325.2920837402344,68.58975982666016,506.906494140625,193.17694091796875
152,31,2,Swimming,0.45806238055229187,284.3956604003906,64.23432922363281,492.5677490234375,197.72718811035156
154,48,2,Swimming,0.4261985719203949,722.355712890625,296.69537353515625,841.8560180664062,438.4013366699219
155,48,2,Swimming,0.3250758647918701,712.3043823242188,295.0463562011719,833.2698364257812,438.5155944824219
156,30,0,Drowning,0.44401875138282776,93.7967529296875,76.61454010009766,601.421630859375,586.9070434570312
158,50,0,Drowning,0.5021776556968689,0.10004806518554688,0.03072509728372097,1278.8697509765625,720.0
159,50,0,Drowning,0.4814130961894989,0.0,0.0070443046279251575,1277.8267822265625,720.0
159,51,0,Drowning,0.4141943156719208,111.8291244506836,232.57321166992188,198.4027557373047,347.37884521484375
160,50,0,Drowning,0.3045516610145569,0.0,0.0,1277.49853515625,720.0
161,50,0,Drowning,0.4674690067768097,0.0,0.0,1276.885986328125,720.0
162,50,0,Drowning,0.5309053659439087,1.3442044258117676,0.0,1279.6368408203125,720.0
163,50,0,Drowning,0.5598213076591492,3.3149912357330322,0.0,1280.0,719.58203125
164,50,0,Drowning,0.7117346525192261,2.9504802227020264,0.0,1280.0,719.837158203125
164,31,2,Swimming,0.31413015723228455,258.21282958984375,54.70341491699219,441.0880126953125,172.42527770996094
164,51,2,Swimming,0.701220691204071,62.4251594543457,222.61000061035156,163.71478271484375,356.3490905761719
165,50,0,Drowning,0.31534555554389954,5.484552383422852,0.0,1280.0,719.898681640625
165,56,2,Swimming,0.35459229350090027,209.60304260253906,454.34124755859375,443.1028137207031,560.1348266601562
165,51,0,Drowning,0.507473886013031,56.964324951171875,222.98606872558594,157.5664825439453,355.21136474609375
166,51,2,Swimming,0.30327752232551575,44.337669372558594,220.76641845703125,150.85533142089844,359.8652648925781
167,51,0,Drowning,0.3669995367527008,36.79545593261719,219.19891357421875,144.046630859375,357.5679931640625
167,50,0,Drowning,0.67399662733078,6.87034273147583,0.0,1280.0,719.1251220703125
168,51,0,Drowning,0.5842481255531311,32.637874603271484,218.6490478515625,140.08285522460938,355.31573486328125
168,50,0,Drowning,0.7790294885635376,6.726398468017578,0.0,1280.0,719.2197875976562
168,31,2,Swimming,0.3485428988933563,251.71217346191406,42.45920944213867,427.1628112792969,155.0856475830078
169,51,2,Swimming,0.5641825199127197,19.647024154663086,217.4709014892578,135.8520050048828,363.9104309082031
169,50,0,Drowning,0.6577639579772949,7.946328639984131,0.0,1280.0,718.9506225585938
170,51,0,Drowning,0.4249075949192047,27.16075897216797,218.0534210205078,127.52064514160156,343.0824890136719
170,50,0,Drowning,0.40323230624198914,8.97390079498291,0.0,1280.0,717.8056030273438
171,51,0,Drowning,0.5425224304199219,34.08018112182617,220.91378784179688,124.585693359375,331.0899658203125
171,50,0,Drowning,0.6050480604171753,15.622007369995117,0.0,1280.0,717.4850463867188
172,51,0,Drowning,0.5823599696159363,33.04438781738281,219.9031524658203,121.10559844970703,326.37158203125
172,50,0,Drowning,0.39174938201904297,22.63719940185547,0.0,1280.0,717.67431640625
173,51,0,Drowning,0.5704781413078308,30.82089614868164,218.0611572265625,117.83556365966797,322.54754638671875
173,50,0,Drowning,0.4618368148803711,16.14082145690918,0.0,1280.0,717.63720703125
173,56,2,Swimming,0.4763358235359192,130.1510009765625,451.3789367675781,393.9618225097656,573.4119262695312
174,51,0,Drowning,0.4885016977787018,27.87051773071289,217.0927734375,115.45820617675781,321.9432067871094
174,50,0,Drowning,0.567802369594574,15.885851860046387,0.0,1280.0,717.8578491210938
175,51,0,Drowning,0.4863155782222748,22.3566837310791,215.74249267578125,110.2892074584961,319.87542724609375
175,50,0,Drowning,0.4938974976539612,18.345745086669922,0.0,1280.0,717.703125
176,51,0,Drowning,0.4171709716320038,14.829843521118164,204.5703125,113.7637710571289,319.82958984375
176,50,0,Drowning,0.5013000965118408,14.47429084777832,0.0,1279.7012939453125,718.4307250976562
177,51,0,Drowning,0.49626949429512024,10.620659828186035,191.640869140625,121.42594146728516,318.93890380859375
178,51,0,Drowning,0.6001985669136047,8.996150016784668,189.89869689941406,121.37168884277344,316.99835205078125
179,51,0,Drowning,0.3567541837692261,0.0,171.8031463623047,130.01370239257812,320.75909423828125
180,51,0,Drowning,0.5340608954429626,0.0,156.1088104248047,137.03152465820312,325.07000732421875
181,51,0,Drowning,0.34478989243507385,0.0,148.11598205566406,140.0055389404297,325.0973815917969
181,50,0,Drowning,0.3514711260795593,7.278553009033203,0.0,1274.20263671875,719.3410034179688
182,50,0,Drowning,0.5980250835418701,7.250809192657471,0.0,1274.005859375,719.2549438476562
183,50,0,Drowning,0.46570849418640137,6.961503505706787,0.0,1273.7591552734375,718.950439453125
184,50,0,Drowning,0.41323789954185486,17.834049224853516,0.0,1280.0,719.3334350585938
184,56,2,Swimming,0.3821030557155609,20.89883804321289,396.2315673828125,397.0784606933594,585.6176147460938
185,50,0,Drowning,0.49517014622688293,11.466586112976074,0.0,1276.99169921875,719.321044921875
186,50,0,Drowning,0.38156336545944214,19.279155731201172,0.0,1280.0,718.2708129882812
186,31,2,Swimming,0.5129218101501465,161.93862915039062,4.0593695640563965,403.3521728515625,159.73736572265625
187,50,0,Drowning,0.3493497669696808,27.00130271911621,0.0,1280.0,718.0614013671875
187,31,2,Swimming,0.4464619755744934,166.1848907470703,5.550289154052734,402.4978332519531,158.35154724121094
188,50,0,Drowning,0.4996689260005951,24.796167373657227,0.0,1280.0,718.1429443359375
188,31,2,Swimming,0.37446337938308716,171.74530029296875,6.114998817443848,405.7900390625,157.5852813720703
190,63,2,Swimming,0.37155526876449585,534.2757568359375,328.835205078125,622.5797119140625,428.9830322265625
190,50,0,Drowning,0.5115294456481934,23.043188095092773,0.0,1277.5106201171875,718.6506958007812
190,31,2,Swimming,0.41039183735847473,201.9254608154297,20.26789665222168,405.6094055175781,150.80958557128906
191,63,2,Swimming,0.45570051670074463,534.2158203125,330.6047668457031,620.5458374023438,428.36981201171875
191,50,0,Drowning,0.43009477853775024,30.529556274414062,0.0,1279.29345703125,718.798828125
191,31,2,Swimming,0.5221576690673828,222.3636932373047,24.56204605102539,411.16046142578125,147.18783569335938
192,63,2,Swimming,0.34224656224250793,535.2381591796875,334.2022705078125,617.7874755859375,427.61932373046875
192,50,0,Drowning,0.3220226466655731,12.248577117919922,0.0,1261.4185791015625,719.4006958007812
194,50,0,Drowning,0.34836483001708984,4.465372562408447,0.0,1253.374267578125,719.5714721679688
195,50,0,Drowning,0.3679448962211609,4.446196556091309,0.012199001386761665,1253.2352294921875,719.2739868164062
197,64,2,Swimming,0.3421126902103424,79.70014190673828,444.0511779785156,271.4993591308594,591.5084228515625
197,50,0,Drowning,0.34307461977005005,9.276477813720703,0.014930153265595436,1258.8472900390625,719.6746215820312
199,50,0,Drowning,0.37539270520210266,16.41807746887207,0.014202750287950039,1260.4366455078125,718.0897216796875
200,50,0,Drowning,0.454728901386261,21.1660213470459,0.014801816083490849,1264.9051513671875,718.6585693359375
203,50,0,Drowning,0.5531356930732727,13.183999061584473,0.0015652509173378348,1259.228759765625,718.6912841796875
206,63,2,Swimming,0.36509108543395996,515.343994140625,339.09039306640625,612.177978515625,449.78985595703125
207,63,2,Swimming,0.4935872554779053,511.5134582519531,334.3831787109375,616.6417846679688,455.1488037109375
208,63,2,Swimming,0.31274765729904175,514.9469604492188,341.65716552734375,614.0029296875,455.8985595703125
216,50,0,Drowning,0.5792763233184814,290.28643798828125,3.4765994548797607,1280.0,717.1476440429688
217,63,2,Swimming,0.3316652178764343,517.3604125976562,354.3006896972656,612.1328735351562,462.2330017089844
218,63,2,Swimming,0.4845401346683502,521.1544189453125,360.37115478515625,609.515869140625,460.6621398925781
219,63,2,Swimming,0.44168877601623535,526.2030029296875,364.7456359863281,608.1052856445312,457.4368896484375
220,63,2,Swimming,0.30512571334838867,525.2135620117188,363.9472351074219,607.5333251953125,456.6983642578125
224,70,2,Swimming,0.3842564523220062,9.001372337341309,345.965576171875,106.6694107055664,444.87860107421875
224,71,2,Swimming,0.5990569591522217,152.06385803222656,6.138739109039307,260.10430908203125,126.48397827148438
225,71,2,Swimming,0.714494526386261,159.13421630859375,3.184603452682495,267.5750732421875,123.78984069824219
225,63,2,Swimming,0.5866900682449341,497.4009094238281,332.6103820800781,613.6915283203125,458.8533020019531
226,71,2,Swimming,0.6643016934394836,178.62130737304688,0.388309508562088,278.2066345214844,110.41789245605469
226,63,2,Swimming,0.31471356749534607,491.9200439453125,331.954345703125,615.224853515625,463.73797607421875
261,74,0,Drowning,0.36303481459617615,91.42150115966797,4.677136421203613,1280.0,720.0
262,74,0,Drowning,0.37764352560043335,81.25511169433594,3.9131929874420166,1274.4638671875,720.0
269,74,0,Drowning,0.4262475371360779,25.760318756103516,4.418760299682617,1218.9749755859375,719.9835815429688
270,74,0,Drowning,0.7041012644767761,24.49500846862793,7.610982894897461,1214.607177734375,719.9806518554688
271,74,0,Drowning,0.4010404944419861,22.882938385009766,12.217967987060547,1209.457275390625,719.9795532226562
288,80,0,Drowning,0.4147443175315857,357.58306884765625,12.527447700500488,447.8603820800781,79.28273010253906
289,80,0,Drowning,0.5658299922943115,358.9543762207031,12.364821434020996,450.2175598144531,79.90196228027344
290,80,0,Drowning,0.5675310492515564,360.6759948730469,10.466355323791504,455.75128173828125,80.7996826171875
291,80,0,Drowning,0.647057831287384,361.4819641113281,7.544873237609863,462.0857238769531,82.00155639648438
292,80,2,Swimming,0.7024313807487488,356.0333557128906,3.7152655124664307,467.58056640625,86.58330535888672
292,83,2,Swimming,0.4096471667289734,29.820755004882812,357.35040283203125,125.47938537597656,433.3684997558594
293,80,2,Swimming,0.6565073728561401,354.0736083984375,1.361566185951233,471.6537170410156,88.9261245727539
294,80,2,Swimming,0.6271562576293945,358.3348083496094,0.9375055432319641,474.33465576171875,87.34963989257812
295,80,2,Swimming,0.47303256392478943,359.9245300292969,0.2665287256240845,482.89886474609375,92.19239044189453
296,80,2,Swimming,0.3107621967792511,363.6261901855469,0.0,489.6875915527344,95.2275161743164
297,80,2,Swimming,0.4394051432609558,367.888671875,0.0,495.8986511230469,97.39686584472656
298,80,2,Swimming,0.4943352937698364,371.8127746582031,0.0,499.0112609863281,97.66997528076172
300,80,2,Swimming,0.5631373524665833,383.94622802734375,0.0,513.7855224609375,100.54613494873047
301,80,2,Swimming,0.31563225388526917,394.8675537109375,0.09221229702234268,520.8555297851562,97.5666275024414
302,80,2,Swimming,0.6347811222076416,397.25341796875,0.36847105622291565,527.849609375,100.51335144042969
303,80,2,Swimming,0.35115569829940796,396.5325622558594,1.5030009746551514,531.9366455078125,104.70286560058594
314,80,2,Swimming,0.3504020571708679,420.17840576171875,1.3252038955688477,573.0405883789062,117.0500717163086
315,80,2,Swimming,0.5580316185951233,423.5652770996094,4.990212440490723,573.7246704101562,118.22528839111328
316,80,2,Swimming,0.31882691383361816,426.3096008300781,5.871403217315674,577.6137084960938,120.2227554321289
317,80,0,Drowning,0.35673788189888,422.36810302734375,5.117587566375732,575.286376953125,122.30702209472656
359,91,0,Drowning,0.3726467490196228,410.527099609375,109.16340637207031,718.4616088867188,651.2802734375
360,91,0,Drowning,0.5770260691642761,414.3729553222656,111.21426391601562,719.0882568359375,648.39794921875
361,91,0,Drowning,0.3732220530509949,430.1759948730469,117.5948715209961,719.6094970703125,629.1580810546875
364,91,0,Drowning,0.3230864703655243,427.72064208984375,72.84381103515625,747.4044189453125,646.2173461914062
365,91,0,Drowning,0.4685450792312622,425.6292724609375,74.79277801513672,742.108642578125,648.210205078125
366,91,0,Drowning,0.44186797738075256,439.79840087890625,107.01456451416016,725.596435546875,626.9135131835938
371,91,0,Drowning,0.3457258641719818,448.3757019042969,124.0019302368164,715.47119140625,611.9608764648438
395,97,0,Drowning,0.4643492102622986,87.39883422851562,358.682373046875,350.3852844238281,547.916015625
396,97,0,Drowning,0.5198203325271606,84.82442474365234,357.4134521484375,351.9764404296875,549.7013549804688
435,99,0,Drowning,0.6145290732383728,23.570924758911133,0.0,1193.1571044921875,720.0
461,101,2,Swimming,0.5104516744613647,409.8052978515625,199.01348876953125,653.655517578125,469.48211669921875
470,102,0,Drowning,0.5874824523925781,174.73146057128906,215.91078186035156,675.5032348632812,682.4494018554688
471,102,0,Drowning,0.5510889291763306,174.05075073242188,216.1949920654297,681.799072265625,689.66796875
474,103,2,Swimming,0.4271276295185089,248.55433654785156,327.2669372558594,340.30108642578125,421.4222717285156
484,102,0,Drowning,0.3659818470478058,217.11886596679688,229.9692840576172,696.0491333007812,680.3676147460938
494,102,0,Drowning,0.3986797630786896,283.5355529785156,237.8353729248047,646.6256103515625,568.5052490234375
495,102,0,Drowning,0.3717285692691803,287.9983215332031,241.57579040527344,644.0010986328125,558.0525512695312
497,102,0,Drowning,0.36111894249916077,246.36512756347656,243.09925842285156,701.1632080078125,657.4019165039062
500,102,0,Drowning,0.43655824661254883,253.8978271484375,249.80718994140625,706.4259033203125,669.3012084960938
516,102,0,Drowning,0.3408069312572479,275.5401611328125,252.85552978515625,717.9600219726562,682.0120239257812
531,109,0,Drowning,0.3766687214374542,332.9314270019531,312.01470947265625,511.2080383300781,470.8522033691406
532,109,2,Swimming,0.4791535437107086,336.8841247558594,315.0483093261719,511.33099365234375,470.56378173828125
533,109,2,Swimming,0.4393545091152191,336.3363342285156,318.6008605957031,515.56103515625,478.82916259765625
536,109,2,Swimming,0.6301674246788025,336.6339416503906,326.79144287109375,515.2349243164062,487.4169616699219
537,109,2,Swimming,0.5747801065444946,337.9417419433594,329.3941345214844,517.3583374023438,491.498779296875
558,109,2,Swimming,0.5153206586837769,355.2447814941406,369.3982849121094,497.47198486328125,502.10888671875
559,109,2,Swimming,0.5117735266685486,359.7380065917969,371.948486328125,493.59112548828125,497.4737854003906
561,109,2,Swimming,0.4597887098789215,361.66448974609375,375.28314208984375,498.58319091796875,504.2200622558594
565,109,2,Swimming,0.48584839701652527,348.6956481933594,379.2120056152344,505.6931457519531,529.5296630859375
566,109,2,Swimming,0.5273077487945557,344.5674133300781,377.9975891113281,505.05322265625,533.5785522460938
567,109,2,Swimming,0.38705992698669434,343.8442687988281,381.7328186035156,503.0401306152344,537.6199340820312
584,109,0,Drowning,0.584656834602356,302.1676330566406,427.7690124511719,545.7584228515625,678.1154174804688
585,109,2,Swimming,0.3890858292579651,317.319580078125,434.635498046875,538.3784790039062,667.4562377929688
586,109,0,Drowning,0.37165772914886475,313.462646484375,432.6966247558594,551.2413330078125,688.4325561523438
598,109,2,Swimming,0.44999057054519653,277.29656982421875,453.3047180175781,514.3436279296875,717.6790771484375
599,109,2,Swimming,0.6091460585594177,282.20440673828125,455.1114196777344,512.26513671875,716.816650390625
608,109,2,Swimming,0.7489748597145081,317.857421875,462.50408935546875,467.8053283691406,624.1320190429688
609,109,2,Swimming,0.6801275610923767,311.3922424316406,459.9571533203125,469.9359130859375,625.7899780273438
610,109,2,Swimming,0.4961240291595459,315.22039794921875,468.478271484375,473.2414855957031,633.1253051757812
611,109,2,Swimming,0.43725305795669556,305.206298828125,463.98187255859375,474.373046875,639.0892944335938
612,109,2,Swimming,0.6019685864448547,302.2574157714844,463.05718994140625,475.1454162597656,640.7045288085938
613,109,2,Swimming,0.3582088053226471,296.2304382324219,463.96173095703125,474.4969177246094,645.2023315429688
617,109,2,Swimming,0.40248164534568787,293.1666564941406,470.8041687011719,471.35955810546875,649.6585693359375
634,109,2,Swimming,0.33187633752822876,255.85491943359375,476.36138916015625,468.2276611328125,694.2353515625
635,114,2,Swimming,0.4280529320240021,516.6943969726562,284.61474609375,604.505859375,405.551513671875
635,109,2,Swimming,0.44681525230407715,247.63125610351562,474.8199462890625,460.26629638671875,694.7000122070312
640,115,2,Swimming,0.4662233889102936,1173.4124755859375,280.94366455078125,1280.0,413.4312744140625
650,115,2,Swimming,0.3941786587238312,1162.669189453125,282.3207702636719,1275.47412109375,420.956787109375
656,115,2,Swimming,0.5599926114082336,1161.9688720703125,296.5938720703125,1264.257080078125,416.2280578613281
657,115,2,Swimming,0.4338095486164093,1158.2532958984375,300.3760681152344,1267.676513671875,424.8074951171875
658,115,2,Swimming,0.4211151599884033,1153.1895751953125,295.2062683105469,1272.52880859375,429.5035400390625
667,115,2,Swimming,0.34176355600357056,1160.6513671875,321.6557312011719,1263.58203125,429.8857421875
673,115,2,Swimming,0.5631833672523499,1150.7012939453125,342.71978759765625,1260.0638427734375,453.0339660644531
679,123,2,Swimming,0.5547060370445251,412.28851318359375,504.0049133300781,560.2123413085938,669.5579833984375
681,123,2,Swimming,0.5059760212898254,401.4387512207031,512.4815673828125,574.4918823242188,707.1209106445312
682,123,2,Swimming,0.5426877737045288,398.14886474609375,517.1896362304688,574.8331298828125,717.0918579101562
684,123,2,Swimming,0.501961350440979,399.5506286621094,529.947509765625,566.5413208007812,719.6314086914062
685,124,2,Swimming,0.5532315373420715,453.6200866699219,326.04486083984375,557.5612182617188,463.0306701660156
685,123,2,Swimming,0.3137594163417816,399.06463623046875,531.01318359375,562.439208984375,717.2223510742188
686,123,2,Swimming,0.3568452298641205,404.0428466796875,535.625244140625,560.2273559570312,714.1686401367188
687,123,2,Swimming,0.40996769070625305,405.6660461425781,538.1049194335938,560.2911376953125,715.5628051757812
688,124,2,Swimming,0.30423495173454285,447.8861389160156,319.86114501953125,567.0025024414062,477.9088439941406
726,129,2,Swimming,0.5078721642494202,432.02557373046875,317.2171630859375,553.6231079101562,416.2033386230469
728,129,2,Swimming,0.40669718384742737,438.1738586425781,313.76885986328125,552.3226318359375,406.9176330566406
729,129,2,Swimming,0.42176321148872375,437.5853576660156,307.5104064941406,552.1781005859375,401.3609924316406
730,129,2,Swimming,0.303600937128067,433.88067626953125,297.9634704589844,550.5679321289062,393.78692626953125
731,129,2,Swimming,0.47716930508613586,431.4691162109375,289.3360290527344,548.4703369140625,385.9134216308594
732,129,2,Swimming,0.4180547893047333,434.7475891113281,293.093994140625,545.4993896484375,384.8138732910156
737,129,2,Swimming,0.3749147355556488,439.1431579589844,260.4525451660156,544.964111328125,349.7486572265625
738,129,2,Swimming,0.4321729242801666,437.60015869140625,250.6689453125,546.9158935546875,345.2181091308594
743,132,2,Swimming,0.4114935100078583,1120.7642822265625,247.26329040527344,1254.192626953125,379.23907470703125
743,129,2,Swimming,0.40134039521217346,432.8597717285156,207.8046875,551.9548950195312,314.8309326171875
745,133,2,Swimming,0.6123055815696716,11.454439163208008,575.0154418945312,202.1829833984375,718.1154174804688
746,133,2,Swimming,0.7839999198913574,2.471764326095581,563.7069702148438,208.41275024414062,718.2483520507812
747,133,2,Swimming,0.7683032751083374,0.0,554.6470947265625,213.5620880126953,719.13818359375
747,129,2,Swimming,0.3898288905620575,430.0802307128906,166.5717315673828,559.1929931640625,289.82598876953125
748,133,2,Swimming,0.700653076171875,0.0,542.5932006835938,219.8717803955078,719.3251342773438
749,133,2,Swimming,0.7242535948753357,0.0,544.0955200195312,218.34222412109375,718.3790283203125
750,133,2,Swimming,0.7280174493789673,0.0,541.141845703125,218.2244873046875,716.1082153320312
751,133,2,Swimming,0.634676456451416,0.0,540.5798950195312,216.0312042236328,715.383056640625
751,134,2,Swimming,0.5767582654953003,1117.7244873046875,190.5685272216797,1235.3797607421875,322.0569152832031
752,133,2,Swimming,0.5737651586532593,0.0,529.989990234375,219.84982299804688,714.6121826171875
753,133,2,Swimming,0.608971118927002,0.0,526.919921875,216.27256774902344,712.9131469726562
754,133,2,Swimming,0.5224952101707458,0.0,521.0086059570312,216.2364501953125,712.0784912109375
755,133,0,Drowning,0.36742687225341797,0.0,475.65496826171875,239.22982788085938,714.5707397460938
756,133,2,Swimming,0.5736820101737976,0.0,492.3250732421875,225.86309814453125,713.8758544921875
757,133,2,Swimming,0.6216094493865967,4.168609142303467,498.4429016113281,219.63555908203125,684.2337036132812
758,133,2,Swimming,0.5189191102981567,0.0,491.215087890625,212.99671936035156,691.1836547851562
759,133,2,Swimming,0.5279916524887085,0.0,490.3385009765625,200.4889678955078,677.6974487304688
760,133,2,Swimming,0.5934855341911316,0.0,495.1231384277344,185.41046142578125,668.9386596679688
761,133,2,Swimming,0.6797267198562622,0.0,493.472900390625,179.7700958251953,663.7437133789062
762,133,2,Swimming,0.7280864119529724,0.0,495.6239929199219,177.18873596191406,663.8847045898438
763,133,2,Swimming,0.6675545573234558,0.0,504.2907409667969,167.93817138671875,657.2447509765625
764,133,2,Swimming,0.4198927879333496,0.0,499.151123046875,164.7676544189453,653.62939453125
765,133,2,Swimming,0.47649556398391724,0.0,491.24224853515625,181.882568359375,677.2666625976562
766,133,2,Swimming,0.49252864718437195,0.0,489.8283996582031,182.78013610839844,675.135498046875
767,133,2,Swimming,0.414934366941452,0.0,482.5081787109375,176.36550903320312,656.1414794921875
772,146,2,Swimming,0.3921184837818146,4.899451732635498,241.9428253173828,165.7628631591797,701.1761474609375
774,133,2,Swimming,0.39133912324905396,0.0,457.0064392089844,179.923828125,636.7537231445312
775,146,0,Drowning,0.38615134358406067,0.0,185.27700805664062,169.16842651367188,679.2775268554688
783,133,2,Swimming,0.3691725730895996,2.9953198432922363,451.7043762207031,172.35110473632812,612.4742431640625
784,150,1,Person out of water,0.3300827443599701,1193.2183837890625,226.55477905273438,1279.6005859375,530.960693359375
786,133,2,Swimming,0.3536215126514435,5.5784010887146,455.414794921875,162.35301208496094,601.701171875
787,133,2,Swimming,0.5159438252449036,2.163353443145752,440.2156677246094,162.10057067871094,589.254150390625
787,150,1,Person out of water,0.38787099719047546,1190.766357421875,227.69198608398438,1277.6044921875,533.0675659179688
788,133,2,Swimming,0.5407965779304504,6.857165813446045,440.7591552734375,160.0087127685547,580.1978759765625
788,150,1,Person out of water,0.464051753282547,1181.1907958984375,224.50527954101562,1271.351318359375,537.9239501953125
789,133,2,Swimming,0.346402108669281,0.0,437.1438903808594,163.14341735839844,590.5414428710938
789,150,1,Person out of water,0.42666545510292053,1175.7923583984375,225.3910675048828,1267.7291259765625,539.7907104492188
790,133,2,Swimming,0.3895086646080017,0.0,444.9498291015625,162.3294677734375,596.5927734375
790,150,1,Person out of water,0.5120875835418701,1174.9710693359375,225.51210021972656,1269.329345703125,544.2843017578125
791,150,1,Person out of water,0.4871152639389038,1183.4512939453125,218.29017639160156,1278.4188232421875,540.8726806640625
792,150,1,Person out of water,0.37701669335365295,1186.0015869140625,210.66563415527344,1280.0,541.197265625
792,133,2,Swimming,0.38251474499702454,16.425216674804688,446.9241638183594,157.65235900878906,575.9313354492188
793,150,1,Person out of water,0.48817238211631775,1186.332763671875,218.9089813232422,1280.0,544.6658325195312
793,133,2,Swimming,0.3683331310749054,12.825042724609375,440.9402160644531,153.27857971191406,566.3671875
794,150,1,Person out of water,0.3460344076156616,1183.369140625,217.98614501953125,1280.0,551.2274780273438
795,150,1,Person out of water,0.3213730454444885,1182.19970703125,220.5915069580078,1279.92578125,555.0975341796875
795,133,0,Drowning,0.6320191621780396,10.951333999633789,438.79754638671875,148.23594665527344,558.7061767578125
796,153,2,Swimming,0.4839616119861603,350.7923889160156,172.6536865234375,479.2843322753906,266.13946533203125
796,133,2,Swimming,0.46467527747154236,9.615374565124512,441.025146484375,142.06924438476562,554.573486328125
797,133,2,Swimming,0.3973017930984497,3.618105173110962,438.96588134765625,143.60958862304688,558.873046875
797,150,1,Person out of water,0.3288351893424988,1186.6197509765625,225.10305786132812,1280.0,549.0117797851562
798,150,1,Person out of water,0.3329249620437622,1187.7672119140625,225.97889709472656,1280.0,546.2535400390625
798,153,2,Swimming,0.3279396891593933,352.3115539550781,172.63404846191406,480.7283020019531,265.89996337890625
799,133,2,Swimming,0.48405721783638,0.0,431.7445068359375,155.4422149658203,567.2977294921875
800,156,1,Person out of water,0.3686465919017792,1081.070068359375,509.2127685546875,1181.4140625,613.9169311523438
800,133,2,Swimming,0.37094447016716003,0.0,418.45172119140625,163.67066955566406,570.3482666015625
800,150,1,Person out of water,0.30342453718185425,1185.63818359375,219.7847137451172,1279.2801513671875,541.0413818359375
800,153,2,Swimming,0.46176543831825256,344.9231262207031,168.3209228515625,479.61993408203125,266.40777587890625
801,156,1,Person out of water,0.3000831604003906,1080.440673828125,508.336181640625,1180.1102294921875,612.3577270507812
801,150,1,Person out of water,0.38045036792755127,1184.0924072265625,213.25396728515625,1279.7486572265625,541.4296264648438
802,150,1,Person out of water,0.3563346564769745,1186.4361572265625,216.06129455566406,1279.97412109375,537.0507202148438
803,133,2,Swimming,0.6065762042999268,15.882271766662598,424.5247497558594,163.05508422851562,554.9041137695312
804,133,2,Swimming,0.7259107828140259,27.71622657775879,426.3050231933594,167.38327026367188,552.2050170898438
804,153,2,Swimming,0.32038694620132446,327.3428649902344,157.0900115966797,487.1322326660156,275.5578308105469
805,133,2,Swimming,0.7496813535690308,29.370407104492188,427.0289611816406,168.2689666748047,552.8521118164062
806,133,2,Swimming,0.7054142355918884,32.33106231689453,428.6885681152344,168.45358276367188,552.36767578125
806,159,2,Swimming,0.3835533559322357,220.33665466308594,479.38482666015625,346.0124816894531,594.9637451171875
807,133,2,Swimming,0.6589022278785706,29.793357849121094,426.8570251464844,166.60595703125,551.7999877929688
807,159,2,Swimming,0.34950074553489685,216.99696350097656,475.9286193847656,348.9187316894531,597.3101196289062
808,133,2,Swimming,0.6138563752174377,22.37156867980957,430.0774230957031,157.24478149414062,551.5750732421875
808,159,2,Swimming,0.3794049024581909,217.04495239257812,475.3778381347656,349.2355651855469,597.0189208984375
809,133,2,Swimming,0.7177411317825317,23.104215621948242,428.6111755371094,157.32025146484375,548.3594360351562
809,153,2,Swimming,0.39584073424339294,336.0663757324219,169.4025115966797,476.6310729980469,274.4266052246094
810,133,2,Swimming,0.60137540102005,23.5931396484375,429.0108947753906,155.06446838378906,545.4918823242188
810,153,2,Swimming,0.32119691371917725,336.55224609375,172.03350830078125,475.6054992675781,275.8947448730469
811,133,2,Swimming,0.6665412187576294,21.44286346435547,426.423095703125,154.9606475830078,544.3108520507812
811,153,2,Swimming,0.44005221128463745,338.9599914550781,170.43463134765625,477.9282531738281,274.1667175292969
812,133,2,Swimming,0.3135268986225128,14.481940269470215,419.4209899902344,154.8149871826172,543.4094848632812
812,153,2,Swimming,0.43942004442214966,338.0099182128906,171.40476989746094,476.742431640625,274.94720458984375
813,133,2,Swimming,0.38781383633613586,13.13725471496582,421.11749267578125,154.48056030273438,545.3270874023438
813,153,2,Swimming,0.37678712606430054,337.3595886230469,170.05389404296875,474.3685607910156,271.89697265625
821,163,2,Swimming,0.3880694806575775,226.5264892578125,499.3606872558594,426.3839111328125,652.4446411132812
823,164,1,Person out of water,0.34605738520622253,1091.4580078125,57.243736267089844,1279.926513671875,510.0914306640625
824,163,2,Swimming,0.5202080607414246,225.10475158691406,493.5777893066406,440.0345458984375,658.5993041992188
825,163,2,Swimming,0.4751950204372406,217.2924041748047,488.5377197265625,439.3017272949219,659.26611328125
826,163,2,Swimming,0.3067638874053955,214.9339141845703,477.98931884765625,449.9857482910156,658.9641723632812
826,133,0,Drowning,0.39275115728378296,16.056888580322266,401.3433837890625,159.68240356445312,525.3235473632812
827,163,2,Swimming,0.31741076707839966,203.82106018066406,466.19805908203125,449.70086669921875,656.6822509765625
827,133,0,Drowning,0.48725131154060364,14.341382026672363,395.07623291015625,165.32928466796875,525.6306762695312
828,163,2,Swimming,0.49694254994392395,194.68634033203125,457.8537902832031,456.89447021484375,662.49365234375
828,133,0,Drowning,0.6454190611839294,12.969869613647461,391.4202880859375,166.41796875,523.1973876953125
829,163,2,Swimming,0.4982896149158478,193.54444885253906,456.329345703125,458.11627197265625,664.8323974609375
829,133,0,Drowning,0.46118831634521484,13.98969841003418,391.2762756347656,166.48165893554688,521.3211669921875
830,133,0,Drowning,0.588822603225708,14.351835250854492,390.63238525390625,166.48191833496094,519.901123046875
831,133,0,Drowning,0.5890635848045349,16.113231658935547,388.9804992675781,169.31805419921875,518.5930786132812
832,133,0,Drowning,0.6596083641052246,20.29884910583496,392.8325500488281,170.251953125,517.8516235351562
833,133,0,Drowning,0.6498453617095947,20.346969604492188,392.0910949707031,173.6326446533203,518.6616821289062
834,133,0,Drowning,0.6816465854644775,17.31871795654297,388.6376953125,176.46524047851562,518.4769287109375
835,133,0,Drowning,0.6233728528022766,14.268497467041016,387.4001770019531,177.63304138183594,519.7101440429688
836,133,0,Drowning,0.6222535967826843,15.087462425231934,388.2071533203125,178.24850463867188,519.5543212890625
837,133,0,Drowning,0.5025100111961365,19.713632583618164,393.1078796386719,176.67723083496094,518.3184814453125
838,133,0,Drowning,0.3391100764274597,24.174560546875,392.88232421875,180.0648651123047,517.3884887695312
839,133,0,Drowning,0.4185340702533722,16.035049438476562,386.26068115234375,180.1847381591797,516.9326171875
840,133,0,Drowning,0.5596152544021606,15.618032455444336,384.12469482421875,182.99563598632812,517.1153564453125
841,133,0,Drowning,0.5927817225456238,18.346168518066406,386.2803955078125,183.3955535888672,516.454833984375
842,133,0,Drowning,0.4038306176662445,20.579587936401367,389.26708984375,181.73318481445312,515.5604858398438
844,133,2,Swimming,0.3526267409324646,29.153060913085938,392.6445617675781,185.37342834472656,514.7460327148438
845,133,0,Drowning,0.45893606543540955,27.248170852661133,390.3143005371094,189.19970703125,516.8394775390625
846,133,0,Drowning,0.3839109241962433,30.8885498046875,393.8377685546875,189.13218688964844,517.3897094726562
847,133,0,Drowning,0.545199990272522,27.810726165771484,386.6753845214844,193.23817443847656,516.2957153320312
848,133,0,Drowning,0.3746987581253052,26.76614761352539,381.7164001464844,193.1187744140625,513.4365234375
854,164,1,Person out of water,0.3962421119213104,1107.8773193359375,150.82147216796875,1264.8187255859375,504.54901123046875
855,164,1,Person out of water,0.326590895652771,1119.2264404296875,172.97515869140625,1273.608642578125,517.0189819335938
856,164,1,Person out of water,0.45697280764579773,1116.6517333984375,145.0853729248047,1280.0,520.8970336914062
857,164,1,Person out of water,0.5953837633132935,1116.1719970703125,133.8831787109375,1280.0,523.8347778320312
858,164,1,Person out of water,0.48968273401260376,1119.365478515625,129.52723693847656,1280.0,525.9756469726562
859,164,1,Person out of water,0.3165056109428406,1129.5849609375,151.95962524414062,1280.0,527.4661865234375
859,169,0,Drowning,0.5175946950912476,11.86426067352295,361.6086120605469,307.41241455078125,560.7771606445312
860,169,0,Drowning,0.38561898469924927,11.645936012268066,360.8259582519531,310.2222595214844,562.2796020507812
860,171,2,Swimming,0.3386962115764618,27.664592742919922,370.16400146484375,313.4795227050781,555.2894897460938
861,169,0,Drowning,0.3035176694393158,6.874445915222168,355.7013244628906,313.30322265625,563.074951171875
861,171,2,Swimming,0.399926096200943,28.994600296020508,366.4239807128906,313.8663330078125,551.1304931640625
861,172,2,Swimming,0.5073642134666443,439.48455810546875,5.955233573913574,545.2228393554688,137.4873046875
861,173,1,Person out of water,0.3630331754684448,1079.0452880859375,204.94210815429688,1277.7608642578125,588.281005859375
862,171,2,Swimming,0.3245435953140259,41.20297622680664,380.93463134765625,295.9340515136719,545.6740112304688
862,172,2,Swimming,0.4645951986312866,441.4466247558594,4.431653022766113,546.82763671875,135.47329711914062
862,173,1,Person out of water,0.4592958986759186,1077.5875244140625,198.05409240722656,1277.85693359375,584.2937622070312
863,172,2,Swimming,0.4858734905719757,444.5731506347656,3.242304563522339,548.9779663085938,132.83462524414062
863,173,1,Person out of water,0.5059441328048706,1077.1624755859375,190.07652282714844,1278.2904052734375,577.883056640625
864,172,2,Swimming,0.3208358585834503,446.04339599609375,3.280909538269043,551.9483032226562,134.82373046875
864,173,1,Person out of water,0.4836100935935974,1072.754638671875,178.98902893066406,1279.7264404296875,578.4915771484375
865,172,2,Swimming,0.5265815854072571,448.8409118652344,3.5987329483032227,552.6411743164062,132.56524658203125
865,173,1,Person out of water,0.46812963485717773,1068.8013916015625,171.76852416992188,1279.0074462890625,578.5679321289062
866,173,1,Person out of water,0.4021887183189392,1067.2706298828125,175.5233612060547,1275.692138671875,580.1992797851562
866,133,2,Swimming,0.3367048501968384,35.669307708740234,377.4982604980469,190.455810546875,496.7494812011719
867,133,2,Swimming,0.6459529399871826,38.756839752197266,372.214599609375,194.69805908203125,492.8514099121094
867,172,2,Swimming,0.3555801510810852,451.1385498046875,4.0100626945495605,554.7488403320312,133.09654235839844
868,133,2,Swimming,0.5508729219436646,39.22947311401367,368.6411437988281,197.74801635742188,492.6661376953125
869,172,2,Swimming,0.3454739451408386,451.8216552734375,4.73270845413208,554.5270385742188,132.96229553222656
870,172,2,Swimming,0.3991337716579437,450.5062561035156,3.2766263484954834,554.3988647460938,133.0533905029297
871,172,2,Swimming,0.4694680869579315,450.24114990234375,2.559828758239746,553.4761962890625,131.8095703125
872,172,2,Swimming,0.5431544780731201,450.2915954589844,3.1395342350006104,552.9600219726562,131.6984100341797
872,174,0,Drowning,0.4103356897830963,291.15643310546875,154.38247680664062,411.9674987792969,264.4696350097656
873,172,2,Swimming,0.5551552176475525,451.0817565917969,3.1561636924743652,552.4275512695312,130.2104949951172
873,174,0,Drowning,0.4464348554611206,289.47412109375,152.03799438476562,411.19427490234375,263.0520935058594
874,174,0,Drowning,0.3839170038700104,284.48712158203125,150.4940948486328,410.03326416015625,265.14593505859375
874,175,2,Swimming,0.31997042894363403,285.08660888671875,159.56341552734375,410.2305603027344,264.960205078125
874,171,2,Swimming,0.3191284239292145,52.95442581176758,385.7946472167969,305.0096130371094,547.1638793945312
876,172,2,Swimming,0.6750780344009399,453.2377624511719,4.956775665283203,552.9397583007812,129.6237335205078
877,172,2,Swimming,0.661084771156311,454.8287048339844,5.205363750457764,552.1076049804688,126.61150360107422
877,175,0,Drowning,0.3544052541255951,278.8337097167969,155.28317260742188,409.1312255859375,265.3861999511719
878,172,2,Swimming,0.5755001902580261,455.0462341308594,4.641346454620361,551.8860473632812,125.4908447265625
878,178,1,Person out of water,0.31737491488456726,1080.431640625,494.6008605957031,1167.550048828125,570.506103515625
878,175,0,Drowning,0.3573688566684723,276.68450927734375,154.4142303466797,407.90228271484375,265.91754150390625
879,172,2,Swimming,0.5014472007751465,456.5994873046875,5.917956352233887,552.0635986328125,124.86243438720703
879,178,1,Person out of water,0.35320353507995605,1079.69091796875,494.83062744140625,1167.6282958984375,571.4943237304688
879,175,0,Drowning,0.41555312275886536,276.27178955078125,154.72792053222656,405.3280944824219,264.9711608886719
880,172,2,Swimming,0.4233560562133789,455.8655700683594,4.705707550048828,552.8020629882812,125.47067260742188
880,178,1,Person out of water,0.3259384334087372,1078.568115234375,494.9886474609375,1168.0628662109375,573.1293334960938
881,172,2,Swimming,0.37588557600975037,455.0325622558594,5.746574401855469,552.47265625,127.62765502929688
881,178,1,Person out of water,0.3004607558250427,1078.5015869140625,494.97491455078125,1168.5955810546875,573.8279418945312
882,172,2,Swimming,0.3012027442455292,455.833984375,11.102109909057617,552.4190063476562,132.54150390625
883,172,2,Swimming,0.36225470900535583,457.51531982421875,12.519042015075684,553.8374633789062,134.2305450439453
883,169,0,Drowning,0.3076872229576111,14.644964218139648,353.7657470703125,319.80621337890625,555.8109741210938
884,180,1,Person out of water,0.3327593505382538,1196.822265625,211.0381317138672,1280.0,511.8481750488281
884,169,0,Drowning,0.3855496048927307,8.98050308227539,350.67901611328125,319.6667785644531,554.8169555664062
885,180,1,Person out of water,0.35335367918014526,1195.4501953125,201.28607177734375,1280.0,509.9877624511719
885,169,0,Drowning,0.49008074402809143,7.439065933227539,352.00604248046875,317.6759948730469,554.4578247070312
886,180,1,Person out of water,0.30362996459007263,1187.563232421875,166.03131103515625,1280.0,514.3474731445312
886,169,0,Drowning,0.3733724355697632,7.078246593475342,355.47271728515625,312.5111389160156,553.44384765625
887,180,1,Person out of water,0.3748010993003845,1183.0062255859375,147.3031768798828,1280.0,519.8319091796875
888,180,1,Person out of water,0.3558243215084076,1185.1234130859375,164.53765869140625,1280.0,523.710693359375
889,180,1,Person out of water,0.40663737058639526,1176.6937255859375,151.3905487060547,1279.8497314453125,525.8073120117188
890,180,1,Person out of water,0.43021291494369507,1180.670166015625,168.77328491210938,1277.9195556640625,520.2589111328125
891,180,1,Person out of water,0.4559294581413269,1164.98974609375,141.0957489013672,1269.4517822265625,511.46807861328125
892,180,1,Person out of water,0.4392783045768738,1157.9281005859375,127.038818359375,1268.2913818359375,512.1392211914062
893,180,1,Person out of water,0.36168262362480164,1165.6468505859375,132.34530639648438,1275.5899658203125,516.2250366210938
894,181,0,Drowning,0.4159250557422638,1.554815649986267,97.42549133300781,384.9167785644531,545.7405395507812
895,181,0,Drowning,0.4095861613750458,2.5347025394439697,93.59730529785156,393.9908752441406,551.2461547851562
896,181,0,Drowning,0.36980146169662476,25.86687469482422,146.45913696289062,375.7093505859375,553.072998046875
897,169,0,Drowning,0.4849033057689667,30.503664016723633,368.972900390625,297.6015625,538.268310546875
898,169,0,Drowning,0.46598154306411743,16.444564819335938,363.926513671875,294.4124755859375,537.1452026367188
899,169,0,Drowning,0.45757779479026794,4.498649597167969,356.660888671875,297.29351806640625,539.5477905273438
900,169,0,Drowning,0.31763872504234314,8.487015724182129,356.7168884277344,304.5352783203125,539.2371826171875
901,169,0,Drowning,0.4791960120201111,7.567429542541504,360.49920654296875,303.9600524902344,541.7600708007812
902,169,0,Drowning,0.3218608796596527,0.0,353.8857727050781,312.12567138671875,545.7246704101562
908,169,0,Drowning,0.3077525496482849,0.1903286874294281,353.4457092285156,307.81884765625,544.5877075195312
910,169,0,Drowning,0.3981758654117584,5.0248870849609375,354.9330139160156,316.3144226074219,549.9276123046875
912,169,0,Drowning,0.4848489463329315,14.114041328430176,360.26348876953125,312.3103332519531,547.776123046875
913,169,0,Drowning,0.4570487141609192,13.465912818908691,363.8421936035156,306.35992431640625,549.138916015625
914,169,0,Drowning,0.39871689677238464,11.386046409606934,366.3811950683594,302.2058410644531,552.2298583984375
914,180,1,Person out of water,0.41794443130493164,1142.1629638671875,64.96675109863281,1269.86083984375,491.8188781738281
915,169,0,Drowning,0.4712410867214203,13.852934837341309,364.28271484375,304.95855712890625,552.5125732421875
916,169,0,Drowning,0.5691877007484436,15.930869102478027,363.2689514160156,307.2036437988281,554.16162109375
918,169,0,Drowning,0.38545992970466614,16.53587532043457,366.9070129394531,306.02789306640625,559.9426879882812
919,169,0,Drowning,0.6231191158294678,13.669212341308594,361.14892578125,310.8407287597656,564.5731811523438
920,169,0,Drowning,0.5984823703765869,16.686161041259766,359.3708190917969,316.1753234863281,567.9951782226562
921,169,0,Drowning,0.6309623122215271,23.91790771484375,359.0614013671875,320.9028015136719,569.8382568359375
922,169,0,Drowning,0.4232225716114044,28.05364227294922,358.2620849609375,323.1031188964844,571.4937133789062
925,184,0,Drowning,0.6196931004524231,310.22137451171875,143.3849334716797,379.29364013671875,231.58523559570312
926,169,2,Swimming,0.36637240648269653,47.29208755493164,360.36163330078125,336.4317626953125,576.519287109375
927,169,2,Swimming,0.5249847769737244,62.0927619934082,366.92803955078125,332.1645202636719,574.829345703125
928,169,2,Swimming,0.3161473572254181,64.16815185546875,360.8224792480469,331.676025390625,572.0056762695312
930,184,0,Drowning,0.4028654098510742,322.404052734375,134.78404235839844,395.77789306640625,228.10533142089844
931,184,0,Drowning,0.4288651645183563,324.0309753417969,132.7209930419922,398.8061828613281,227.3419952392578
931,169,0,Drowning,0.3520699143409729,86.52537536621094,361.1096496582031,336.7313232421875,562.6148681640625
932,169,0,Drowning,0.4428636431694031,90.52291870117188,357.65155029296875,338.2266540527344,560.2803955078125
933,169,0,Drowning,0.6998451948165894,89.20448303222656,355.9775390625,334.6148681640625,561.31982421875
934,169,0,Drowning,0.49170249700546265,97.0362548828125,356.08184814453125,333.8951416015625,559.43408203125
935,169,0,Drowning,0.39061057567596436,90.81363677978516,354.53765869140625,335.2671813964844,569.7576293945312
937,169,0,Drowning,0.36071157455444336,99.67129516601562,352.6269226074219,340.65582275390625,570.032470703125
945,169,2,Swimming,0.413174569606781,116.13763427734375,340.0570068359375,354.0559997558594,560.5139770507812
946,169,2,Swimming,0.48158302903175354,113.76509857177734,338.571533203125,362.70806884765625,575.421875
947,169,2,Swimming,0.5321661233901978,122.4493637084961,339.8459167480469,357.32537841796875,567.1900024414062
948,169,2,Swimming,0.6082839369773865,139.09756469726562,339.1473693847656,364.55645751953125,561.6571655273438
949,169,2,Swimming,0.3685404360294342,145.0373077392578,338.6123046875,364.7216796875,559.3643798828125
951,188,0,Drowning,0.3676331341266632,402.1668395996094,107.05400085449219,483.876708984375,205.87242126464844
952,188,0,Drowning,0.35146865248680115,407.65008544921875,107.72699737548828,485.66070556640625,202.08258056640625
952,169,0,Drowning,0.4990100860595703,167.1368408203125,337.4591369628906,378.0152893066406,555.1712646484375
953,188,0,Drowning,0.401359498500824,410.457763671875,107.51063537597656,487.0465393066406,199.98158264160156
953,189,0,Drowning,0.4399058222770691,186.0592041015625,339.4806823730469,360.0677795410156,555.3796997070312
953,169,2,Swimming,0.5716128349304199,169.89508056640625,338.9538269042969,375.1592712402344,555.68505859375
954,189,2,Swimming,0.6559010148048401,180.10458374023438,340.23443603515625,355.65234375,557.7257690429688
955,189,2,Swimming,0.6076953411102295,182.42724609375,339.8200378417969,356.97845458984375,555.6924438476562
955,188,0,Drowning,0.3093773424625397,417.5500793457031,103.90437316894531,495.1886291503906,197.11181640625
955,169,0,Drowning,0.3947409391403198,174.65505981445312,340.5574035644531,376.4100341796875,556.2000732421875
956,189,2,Swimming,0.5397680997848511,188.24832153320312,338.4435729980469,363.4673156738281,555.1256103515625
956,188,0,Drowning,0.500734806060791,420.65142822265625,102.671630859375,497.8604431152344,194.23538208007812
956,169,0,Drowning,0.345425546169281,181.22848510742188,339.9769287109375,379.8717956542969,555.7371826171875
958,188,0,Drowning,0.33400654792785645,433.9621276855469,102.04122924804688,507.5652160644531,188.3571014404297
958,169,2,Swimming,0.61053866147995,194.0658416748047,338.4604797363281,391.37353515625,555.8284912109375
959,188,0,Drowning,0.3237067461013794,437.36962890625,101.31874084472656,513.1929931640625,189.20864868164062
959,169,2,Swimming,0.5972497463226318,204.26278686523438,338.4387512207031,399.35162353515625,555.6170654296875
960,169,2,Swimming,0.6222800016403198,212.5824737548828,338.95599365234375,405.55657958984375,557.3375244140625
961,169,0,Drowning,0.49882271885871887,211.66790771484375,335.9114074707031,409.5302734375,560.2064819335938
961,188,0,Drowning,0.35647696256637573,444.7141418457031,92.98146057128906,529.2345581054688,191.07669067382812
962,169,2,Swimming,0.5778895020484924,207.77163696289062,335.2457275390625,406.1325378417969,561.2386474609375
962,192,0,Drowning,0.3594731390476227,207.38299560546875,334.019775390625,400.6905822753906,562.9137573242188
962,188,0,Drowning,0.33988913893699646,444.0872497558594,87.34132385253906,533.0204467773438,189.4857635498047
963,169,2,Swimming,0.5868222117424011,207.5706787109375,334.83392333984375,406.8877258300781,561.6002807617188
964,169,2,Swimming,0.5311935544013977,214.4586944580078,334.9941711425781,410.65277099609375,558.4143676757812
964,188,0,Drowning,0.31451091170310974,457.8561096191406,90.58390808105469,543.41796875,189.3909454345703
965,169,2,Swimming,0.5887027978897095,223.368408203125,340.8029479980469,411.61492919921875,552.7609252929688
966,169,2,Swimming,0.6324651837348938,228.01246643066406,341.2224426269531,419.566650390625,556.9697265625
967,169,2,Swimming,0.5951476693153381,236.13612365722656,342.35986328125,424.7306823730469,556.0050048828125
968,169,2,Swimming,0.5896833539009094,238.1419677734375,347.2869567871094,423.61669921875,556.4859619140625
969,169,2,Swimming,0.6200307607650757,241.32752990722656,344.5221252441406,429.4267272949219,557.7614135742188
970,169,2,Swimming,0.5856709480285645,247.07716369628906,341.51141357421875,441.2566833496094,563.160888671875
970,188,0,Drowning,0.4369882345199585,489.3844909667969,84.94888305664062,571.2392578125,178.9419403076172
971,169,2,Swimming,0.7139436602592468,253.07159423828125,338.81591796875,450.64276123046875,566.5711669921875
972,169,0,Drowning,0.32230180501937866,258.019287109375,335.24481201171875,463.2560729980469,573.8651733398438
973,169,2,Swimming,0.43568792939186096,259.6379699707031,336.1307373046875,468.0472412109375,579.1386108398438
973,188,0,Drowning,0.3123801648616791,502.61016845703125,82.27906799316406,590.2925415039062,184.864990234375
977,169,2,Swimming,0.4779868423938751,291.641357421875,339.3268737792969,488.6076354980469,568.1721801757812
977,188,0,Drowning,0.3850233256816864,529.4732666015625,75.96668243408203,612.0332641601562,170.04428100585938
978,169,0,Drowning,0.32396724820137024,302.70819091796875,343.756591796875,494.5967102050781,566.8807983398438
978,188,0,Drowning,0.4954100549221039,532.9176025390625,71.39871978759766,617.4389038085938,167.09156799316406
979,188,0,Drowning,0.5422630310058594,535.5551147460938,69.42933654785156,622.37255859375,165.794189453125
979,194,2,Swimming,0.34473949670791626,710.7975463867188,244.65682983398438,907.8064575195312,436.8165588378906
980,188,0,Drowning,0.41897523403167725,537.3640747070312,68.04679107666016,629.0555419921875,168.65374755859375
981,188,0,Drowning,0.48856720328330994,540.7994384765625,67.15309143066406,635.1619262695312,170.33697509765625
981,194,2,Swimming,0.47615426778793335,726.9623413085938,241.62498474121094,923.1267700195312,433.7921447753906
982,188,0,Drowning,0.534004807472229,550.257080078125,69.3095932006836,640.7422485351562,168.60971069335938
983,188,0,Drowning,0.4601091146469116,557.7573852539062,70.22454833984375,647.8194580078125,170.1527099609375
984,197,2,Swimming,0.38021019101142883,376.0284423828125,340.4273376464844,520.46630859375,455.6651306152344
985,197,2,Swimming,0.3749769628047943,377.57916259765625,338.1660461425781,525.8084106445312,456.44451904296875
986,197,0,Drowning,0.42746999859809875,383.6485900878906,338.6000671386719,530.1214599609375,455.54803466796875
996,197,0,Drowning,0.4484878480434418,444.1815185546875,345.27001953125,583.9944458007812,456.1519470214844
997,197,0,Drowning,0.5100100636482239,450.93145751953125,344.5387878417969,595.2438354492188,459.1853332519531
998,197,0,Drowning,0.4099281132221222,455.08575439453125,341.8162536621094,599.9579467773438,457.1424255371094
999,197,0,Drowning,0.30094173550605774,463.44287109375,341.7001953125,609.5858154296875,458.1558532714844
1001,197,0,Drowning,0.3111371397972107,468.4314270019531,339.3796081542969,620.8845825195312,462.2155456542969
1002,197,0,Drowning,0.455295592546463,469.1461181640625,336.3432922363281,625.3300170898438,462.2026672363281
1003,197,0,Drowning,0.6257876753807068,475.84930419921875,335.260986328125,630.696533203125,460.1468200683594
1004,197,0,Drowning,0.7309898734092712,483.9433898925781,335.67926025390625,637.331298828125,460.13226318359375
1005,197,0,Drowning,0.6021519899368286,486.49774169921875,332.3412170410156,650.205810546875,466.27130126953125
1005,200,2,Swimming,0.4124053716659546,3.792633056640625,213.05665588378906,58.432945251464844,320.9330139160156
1006,197,0,Drowning,0.32503369450569153,486.4847106933594,332.2513122558594,650.24951171875,466.8676452636719
1006,200,2,Swimming,0.6333631277084351,5.685516834259033,202.50643920898438,65.23262023925781,319.5862731933594
1007,197,0,Drowning,0.537472665309906,497.2385559082031,335.8336181640625,650.3999633789062,461.4795837402344
1007,200,2,Swimming,0.43981924653053284,8.117742538452148,195.51071166992188,73.11810302734375,322.3141174316406
1008,197,0,Drowning,0.3843436539173126,507.96759033203125,339.7361145019531,650.9697875976562,456.793701171875
1009,197,0,Drowning,0.3395298719406128,515.3764038085938,337.3111877441406,660.6211547851562,456.5219421386719
1011,197,0,Drowning,0.44311001896858215,519.1207885742188,331.9613952636719,681.8780517578125,466.8960266113281
1012,201,0,Drowning,0.38453176617622375,0.0,153.62939453125,117.28585052490234,369.5130310058594
1012,197,0,Drowning,0.5912253260612488,530.4866333007812,335.1332092285156,684.3101806640625,462.8260498046875
1013,201,0,Drowning,0.3400685787200928,0.0,168.2361297607422,110.30247497558594,363.7490539550781
1013,197,0,Drowning,0.46180620789527893,537.509033203125,332.3884582519531,697.7844848632812,465.7490539550781
1014,201,0,Drowning,0.3967970311641693,11.573500633239746,178.1305389404297,97.58330535888672,321.3780822753906
1014,197,0,Drowning,0.5592504739761353,543.6596069335938,328.9666748046875,708.801025390625,467.001708984375
1015,197,0,Drowning,0.3561157286167145,550.6602172851562,328.5003967285156,711.4427490234375,463.801513671875
1016,197,0,Drowning,0.3094554841518402,562.4517822265625,328.5732116699219,716.0391235351562,458.7430725097656
1016,200,0,Drowning,0.5190548300743103,16.139554977416992,169.835205078125,104.96124267578125,335.8232421875
1017,200,0,Drowning,0.4555654525756836,17.209455490112305,171.7884521484375,108.14849090576172,333.64666748046875
1018,201,0,Drowning,0.45872801542282104,30.66037940979004,180.8718719482422,98.03534698486328,286.3128662109375
1022,207,2,Swimming,0.42008838057518005,14.25089168548584,179.92074584960938,163.44517517089844,277.36126708984375
1023,207,2,Swimming,0.3707698881626129,17.770769119262695,177.5876007080078,173.0802001953125,279.0832824707031
1024,207,0,Drowning,0.3715931475162506,27.061763763427734,179.45745849609375,184.2919921875,282.1434631347656
1025,207,0,Drowning,0.37108665704727173,41.42658615112305,178.989013671875,198.0697479248047,281.3401184082031
1026,207,2,Swimming,0.34867286682128906,52.70928955078125,178.007568359375,205.96165466308594,278.4111633300781
1027,207,2,Swimming,0.30447450280189514,62.37030792236328,174.94056701660156,219.1642608642578,277.7382507324219
1030,207,2,Swimming,0.5567635893821716,93.78202056884766,168.76019287109375,245.4546356201172,268.6086730957031
1034,207,0,Drowning,0.35662102699279785,118.08345794677734,163.40432739257812,281.796875,270.9317321777344
1041,207,0,Drowning,0.4230153560638428,188.99009704589844,165.23391723632812,355.4793701171875,279.131103515625
1044,207,2,Swimming,0.366451233625412,225.7788848876953,167.44839477539062,375.209228515625,271.33123779296875
1047,209,2,Swimming,0.5722590088844299,1128.6773681640625,1.1749756336212158,1257.8475341796875,101.0119400024414
1048,207,2,Swimming,0.4644467234611511,272.6236572265625,170.06643676757812,399.6922607421875,260.7013244628906
1049,209,2,Swimming,0.4986999034881592,1121.353271484375,3.7789509296417236,1267.4521484375,117.53561401367188
1050,209,2,Swimming,0.3566195070743561,1134.5487060546875,1.8829684257507324,1276.2957763671875,112.40216827392578
1051,209,2,Swimming,0.3472836911678314,1137.8355712890625,3.50595760345459,1280.0,119.092041015625
1053,209,2,Swimming,0.34445807337760925,1147.1773681640625,2.5845446586608887,1280.0,114.11286163330078
1054,209,2,Swimming,0.38966208696365356,1151.4185791015625,2.604492664337158,1280.0,117.22749328613281
1055,209,2,Swimming,0.3052818179130554,1148.0615234375,2.8313395977020264,1280.0,121.7781753540039
1056,209,0,Drowning,0.38080933690071106,1143.334228515625,4.152609825134277,1280.0,127.82111358642578
1058,209,0,Drowning,0.36881619691848755,1138.9114990234375,5.1000871658325195,1280.0,139.90362548828125
1079,218,2,Swimming,0.5096679925918579,1080.85302734375,282.61248779296875,1196.333251953125,398.5248107910156
1083,220,2,Swimming,0.3565532863140106,1202.7698974609375,45.468048095703125,1256.0643310546875,160.37200927734375
1084,220,2,Swimming,0.30471235513687134,1204.5869140625,47.00948715209961,1253.8221435546875,153.09547424316406
1089,220,2,Swimming,0.4082668423652649,1202.4388427734375,16.181331634521484,1265.4693603515625,152.5636444091797
1090,220,2,Swimming,0.3991156816482544,1206.198486328125,34.6963005065918,1261.225341796875,152.12391662597656
1123,223,2,Swimming,0.43854352831840515,1037.196044921875,174.84072875976562,1092.7818603515625,229.45709228515625
1124,223,2,Swimming,0.3959813714027405,1034.5303955078125,174.52349853515625,1092.6553955078125,231.55848693847656
1125,223,2,Swimming,0.3381236493587494,1032.317626953125,175.5819091796875,1089.0985107421875,230.89869689941406
1131,224,2,Swimming,0.3914336562156677,358.826416015625,488.3236999511719,821.0165405273438,717.79296875
1135,224,2,Swimming,0.41616207361221313,367.44854736328125,468.1522216796875,868.064697265625,718.2642822265625
1137,224,2,Swimming,0.33078208565711975,378.19561767578125,464.52825927734375,878.9115600585938,716.2391967773438
1156,224,0,Drowning,0.401068776845932,497.477294921875,451.3894348144531,956.1637573242188,690.0216064453125
1157,225,2,Swimming,0.42788785696029663,1087.857177734375,191.62692260742188,1142.903564453125,241.1773681640625
1201,228,0,Drowning,0.4521353244781494,287.4345703125,66.9522476196289,516.6729125976562,597.264892578125
1205,228,0,Drowning,0.3540642559528351,321.79296875,7.324026107788086,537.0690307617188,504.3609619140625
1216,234,2,Swimming,0.575934886932373,778.3931884765625,449.6456604003906,1085.0023193359375,676.9879150390625
1217,234,2,Swimming,0.45319506525993347,788.7100830078125,452.2400817871094,1061.4234619140625,652.8870849609375
